{
    "Version": "2012-10-17",
    "Statement": [
        {
            "Effect": "Allow",
            "Action": [
                "secretsmanager:GetSecretValue"
            ],
            "Resource": [
                "arn:aws:secretsmanager:*:*:secret:prod/*"
            ]
        },
        {
            "Effect": "Allow",
            "Action": [
                "ssm:GetParameter",
                "ssm:GetParameters",
                "ssm:GetParametersByPath"
            ],
            "Resource": [
                "arn:aws:ssm:*:*:parameter/prod/*"
            ]
        },
        {
            "Effect": "Allow",
            "Action": [
                "kms:Decrypt"
            ],
            "Resource": "*",
            "Condition": {
                "StringEquals": {
                    "kms:ViaService": [
                        "secretsmanager.*.amazonaws.com",
                        "ssm.*.amazonaws.com"
                    ]
                }
            }
        }
    ]
}
